Model,MAE,RMSE,R2
Neural Network (MLP),128783.9211231493,198382.24880416103,0.7273916869409055
